threads,time
1,0.295068
2,0.905161
4,1.101895
8,1.043622
16,1.059031
32,1.055875
64,1.044552
128,1.218416